{
	"class_name" : "PinholeCameraParameters",
	"extrinsic" : 
	[
		-0.22064109479109767,
		-0.112168983006861,
		0.96888370124622925,
		0.0,
		-0.92518408311147193,
		0.33856213687395731,
		-0.17149370785111887,
		0.0,
		-0.3087910614745365,
		-0.93423433822919744,
		-0.17847767823143235,
		0.0,
		22627211.227476906,
		1614015.4374306379,
		-47449565.614824489,
		1.0
	],
	"intrinsic" : 
	{
		"height" : 1890,
		"intrinsic_matrix" : 
		[
			1636.7880131525894,
			0.0,
			0.0,
			0.0,
			1636.7880131525894,
			0.0,
			1511.5,
			944.5,
			1.0
		],
		"width" : 3024
	},
	"version_major" : 1,
	"version_minor" : 0
}